Id,class_0,class_1
00eed32682bb,0.7466359,0.2533641
010ebe33f668,0.7466359,0.2533641
02fa521e1838,0.7466359,0.2533641
040e15f562a2,0.7466359,0.2533641
046e85c7cc7f,0.7466359,0.2533641
